{"cameraMode":{"drawMode":0,"name":"Shaded","section":"Shading Mode"},"sceneLighting":false,"audioPlay":false,"sceneViewState":{"m_AlwaysRefresh":false,"showFog":true,"showSkybox":false,"showFlares":true,"showImageEffects":true,"showParticleSystems":true,"showVisualEffectGraphs":true,"m_FxEnabled":true},"in2DMode":false,"pivot":{"x":13.950664520263672,"y":2.9990785121917726,"z":-12.424436569213868},"rotation":{"x":-0.034116003662347797,"y":0.1478434056043625,"z":0.005095668137073517,"w":0.9884334206581116},"size":0.006693189963698387,"orthographic":false}